ID_Paciente,Relato_Paciente,Sintomas_Extraidos,Diagnostico_Sugerido,Pontuacao,Associacoes_Encontradas
1,Há dois dias estou com uma dor no peito intensa que piora quando faço esforço físico.,"dor no peito, esforço físico",Infarto,3,dor no peito + esforço físico → Infarto
2,"Sinto cansaço constante há uma semana, mesmo depois de descansar o dia todo.","cansaço constante, mesmo depois de descansar",Insuficiência Cardíaca,3,cansaço constante + mesmo depois de descansar → Insuficiência Cardíaca
3,Estou com uma falta de ar muito forte e dificuldade para respirar desde ontem à noite.,"dificuldade para respirar, falta de ar",Angina,3,falta de ar + dificuldade para respirar → Angina
4,Sinto um aperto no tórax seguido de tontura quando subo as escadas da minha casa.,"aperto no tórax, tontura",Infarto,3,aperto no tórax + tontura → Infarto
5,Relato fadiga extrema e fraqueza no corpo nos últimos três dias.,"fadiga, fraqueza no corpo",Insuficiência Cardíaca,3,fadiga + fraqueza no corpo → Insuficiência Cardíaca
6,Estou sentindo palpitações no coração e uma dor no peito leve que vai e volta.,"dor no peito, palpitações",Arritmia Cardíaca,3,palpitações + dor no peito → Arritmia Cardíaca
7,Apresento uma falta de ar progressiva ao caminhar curtas distâncias no bairro.,"caminhar, falta de ar",Angina,3,falta de ar + caminhar → Angina
8,Sinto cansaço constante e falta de ar quando tento dormir à noite.,"cansaço constante, falta de ar",Insuficiência Cardíaca,3,cansaço constante + falta de ar → Insuficiência Cardíaca
9,Tenho um aperto no tórax constante acompanhado de suor frio desde hoje cedo.,"aperto no tórax, suor frio",Infarto,3,aperto no tórax + suor frio → Infarto
10,Relato uma dor no peito irradiando para o braço esquerdo há cerca de duas horas.,"braço esquerdo, dor no peito",Infarto,3,dor no peito + braço esquerdo → Infarto
11,"Não sinto dor no peito, apenas um leve cansaço nas pernas.",dor no peito (NEGADO),Diagnóstico Indeterminado,0,Nenhuma associação completa encontrada
12,"Não tenho falta de ar nem palpitações, somente um desconforto muscular.","falta de ar (NEGADO), palpitações (NEGADO)",Diagnóstico Indeterminado,0,Nenhuma associação completa encontrada
13,"Nunca senti aperto no tórax, apenas um cansaço ocasional.",aperto no tórax (NEGADO),Diagnóstico Indeterminado,0,Nenhuma associação completa encontrada
14,"Jamais senti dor no peito ou falta de ar, somente cansaço leve.","dor no peito (NEGADO), falta de ar (NEGADO)",Diagnóstico Indeterminado,0,Nenhuma associação completa encontrada
